group	fill
1	#FCF9F9
2	#FCFCFE
3	#F5F3FA
4	#EEEBF6
5	#E7E3F2
6	#E0DCEE
7	#D8D3EA
8	#D0C9E5
9	#C7C0E1
10	#BEB7DC
11	#B6ADD7
12	#AFA5D3
13	#A99FD0
14	#A69CCF
15	#A39ACD
16	#A197CC
17	#9E94CA
18	#9D92C9
19	#9C91C9
20	#9B91C8
21	#9A90C8
22	#9A8FC8
23	#998FC8
24	#998FC7
25	#9D92C9
26	#A197CC
27	#A59BCE
28	#A99FD0
29	#ADA4D2
30	#B1A8D4
31	#FBF6F6
32	#FFFFFF
33	#F7F6FB
34	#F0EEF7
35	#E9E6F3
36	#E1DDEF
37	#D9D4EA
38	#D1CBE6
39	#C8C1E1
40	#C0B8DC
41	#B9B0D9
42	#B2A9D5
43	#ADA3D2
44	#A89ED0
45	#A59BCE
46	#A399CD
47	#A096CB
48	#9D93CA
49	#9C92C9
50	#9C92C9
51	#9C92C9
52	#9C91C9
53	#9B91C9
54	#9B91C9
55	#9C92C9
56	#9F95CB
57	#A39ACD
58	#A89ECF
59	#ACA3D2
60	#B0A7D4
61	#FAF4F3
62	#FEFDFC
63	#F9F9FC
64	#F2F1F8
65	#EBE8F4
66	#E3DFF0
67	#DAD5EB
68	#D1CBE6
69	#C9C2E2
70	#C3BBDE
71	#BCB4DB
72	#B6ADD7
73	#B0A7D4
74	#AAA1D1
75	#A79DCF
76	#A59BCE
77	#A299CD
78	#A096CC
79	#9E94CA
80	#9E94CA
81	#9E94CA
82	#9E93CA
83	#9D93CA
84	#9D93CA
85	#9E94CA
86	#A096CB
87	#A39ACD
88	#A89ED0
89	#ACA3D2
90	#B0A7D4
91	#F9F1F0
92	#FDFAFA
93	#FCFBFD
94	#F4F2F9
95	#ECE9F5
96	#E3DFF0
97	#DAD5EB
98	#D3CDE7
99	#CDC6E4
100	#C6BFE0
101	#C0B8DD
102	#B9B1D9
103	#B3ABD6
104	#AEA5D3
105	#AAA1D1
106	#A89ED0
107	#A69CCE
108	#A49ACD
109	#A298CD
110	#A197CC
111	#A197CC
112	#A197CC
113	#A197CC
114	#A197CC
115	#A197CC
116	#A399CD
117	#A59CCE
118	#A89ED0
119	#ACA3D2
120	#B1A8D4
121	#F8F0EF
122	#FCF9F8
123	#FDFDFE
124	#F5F3F9
125	#ECEAF5
126	#E3E0F0
127	#DDD8EC
128	#D7D1E9
129	#D0CAE6
130	#CAC3E2
131	#C4BDDF
132	#BEB6DC
133	#B9B0D9
134	#B4ABD6
135	#AFA6D3
136	#ACA3D2
137	#ABA1D1
138	#A99FD0
139	#A79ECF
140	#A69CCE
141	#A59BCE
142	#A59BCE
143	#A59BCE
144	#A59BCE
145	#A59BCE
146	#A69CCE
147	#A89FD0
148	#AAA1D1
149	#ADA3D2
150	#B1A8D4
151	#F8EEED
152	#FCF7F7
153	#FDFDFE
154	#F5F4FA
155	#EDEAF5
156	#E7E3F2
157	#E1DCEF
158	#DBD6EB
159	#D5D0E8
160	#D0CAE5
161	#CAC4E2
162	#C5BEDF
163	#BFB8DC
164	#BAB2DA
165	#B6ADD7
166	#B1A8D5
167	#B0A7D4
168	#AEA5D3
169	#ACA3D2
170	#AAA1D1
171	#A99FD0
172	#A89ED0
173	#A89ED0
174	#A89FD0
175	#A89FD0
176	#A89FD0
177	#ABA1D1
178	#ADA4D3
179	#B0A6D4
180	#B2A9D5
181	#F7EDEC
182	#FCF7F6
183	#FEFEFE
184	#F6F5FA
185	#F2F0F8
186	#EDEAF5
187	#E7E4F2
188	#E2DEEF
189	#DCD7EC
190	#D7D1E9
191	#D1CBE6
192	#CCC5E3
193	#C6BFE0
194	#C1B9DD
195	#BCB4DB
196	#B7AFD8
197	#B5ACD7
198	#B3AAD6
199	#B1A8D5
200	#AFA6D4
201	#AEA4D3
202	#ACA3D2
203	#ACA2D2
204	#ACA2D2
205	#ACA2D2
206	#ACA2D2
207	#ADA4D3
208	#B0A7D4
209	#B2AAD5
210	#B5ACD6
211	#F6EBEA
212	#FBF5F4
213	#FEFCFC
214	#FDFDFE
215	#F9F8FC
216	#F3F2F9
217	#EEEBF6
218	#E8E5F3
219	#E3DFF0
220	#DDD9ED
221	#D8D3EA
222	#D2CDE7
223	#CDC7E4
224	#C8C1E1
225	#C3BBDE
226	#BEB6DC
227	#BAB1D9
228	#B8AFD8
229	#B6ADD7
230	#B4ACD6
231	#B3AAD5
232	#B1A8D4
233	#AFA6D4
234	#AFA6D4
235	#AFA6D4
236	#AFA6D4
237	#B0A7D4
238	#B3AAD5
239	#B5ACD7
240	#B8AFD8
241	#F5E8E6
242	#F8EEED
243	#FAF3F2
244	#FCF8F8
245	#FFFFFF
246	#FAFAFC
247	#F5F3F9
248	#EFEDF6
249	#EAE7F3
250	#E4E1F0
251	#DFDAEE
252	#D9D4EB
253	#D4CEE8
254	#CEC8E5
255	#C9C2E2
256	#C4BDDF
257	#C0B8DD
258	#BDB5DB
259	#BBB3DA
260	#B9B1D9
261	#B8AFD8
262	#B6ADD7
263	#B4ABD6
264	#B3AAD5
265	#B3AAD5
266	#B3AAD5
267	#B3AAD6
268	#B5ACD7
269	#B8AFD8
270	#BAB2DA
271	#F1E0DE
272	#F4E5E3
273	#F6EAE9
274	#F9F0EF
275	#FBF7F6
276	#FEFDFD
277	#FCFBFD
278	#F6F5FA
279	#F1EEF7
280	#EBE8F4
281	#E6E2F1
282	#E0DCEE
283	#DBD6EB
284	#D5D0E8
285	#D0CAE5
286	#CBC4E3
287	#C6BFE0
288	#C2BADE
289	#C0B8DD
290	#BEB6DC
291	#BDB4DB
292	#BBB3DA
293	#B9B1D9
294	#B7AFD8
295	#B6AED7
296	#B6AED7
297	#B6AED7
298	#B8AFD8
299	#BAB2DA
300	#BDB5DB
301	#EDD7D4
302	#F0DCDA
303	#F2E2E0
304	#F5E9E7
305	#F8EFED
306	#FBF5F4
307	#FDFBFB
308	#FDFDFE
309	#F7F6FB
310	#F2F0F8
311	#ECEAF5
312	#E7E4F2
313	#E1DDEF
314	#DCD7EC
315	#D6D1E9
316	#D1CBE6
317	#CDC6E4
318	#C8C1E1
319	#C5BEDF
320	#C3BCDE
321	#C1BADE
322	#C0B8DD
323	#BEB6DC
324	#BCB4DB
325	#BBB2DA
326	#BAB2D9
327	#BAB2DA
328	#BBB2DA
329	#BEB6DB
330	#C0B9DD
331	#E9CECB
332	#ECD5D1
333	#EFDBD8
334	#F2E1DE
335	#F4E7E5
336	#F7EDEC
337	#FAF3F2
338	#FDF9F9
339	#FEFEFF
340	#F9F8FC
341	#F3F2F9
342	#EEEBF6
343	#E8E5F3
344	#E3DFF0
345	#DDD9ED
346	#D8D3EA
347	#D3CDE7
348	#CEC8E5
349	#CAC3E2
350	#C8C1E1
351	#C6BFE0
352	#C5BDDF
353	#C3BBDE
354	#C1BADD
355	#C0B8DD
356	#BEB7DC
357	#BEB6DC
358	#BFB7DC
359	#C1B9DD
360	#C4BCDF
361	#E5C6C2
362	#E8CDC9
363	#EBD3D0
364	#EED9D6
365	#F1DFDD
366	#F4E5E3
367	#F6EBEA
368	#F9F1F0
369	#FCF8F7
370	#FFFEFE
371	#FAF9FC
372	#F5F3F9
373	#EFEDF6
374	#EAE7F3
375	#E4E0F0
376	#DFDAED
377	#DAD5EB
378	#D5CFE8
379	#D0CAE6
380	#CDC7E4
381	#CBC5E3
382	#CAC3E2
383	#C8C1E1
384	#C7C0E0
385	#C5BEE0
386	#C4BDDF
387	#C2BBDE
388	#C3BBDE
389	#C5BEE0
390	#C9C2E2
391	#E1BFBA
392	#E4C5C1
393	#E7CBC7
394	#EAD1CE
395	#EDD7D4
396	#F0DDDB
397	#F3E3E1
398	#F6E9E8
399	#F8F0EE
400	#FBF6F5
401	#FEFDFD
402	#FBFBFD
403	#F6F5FA
404	#F0EEF7
405	#EBE8F4
406	#E5E2F1
407	#E0DCEE
408	#DCD7EC
409	#D7D2E9
410	#D2CCE7
411	#D1CBE6
412	#CFC9E5
413	#CEC8E4
414	#CCC6E4
415	#CBC4E3
416	#CAC3E2
417	#CAC3E2
418	#CAC3E2
419	#CBC4E3
420	#CFC9E5
421	#DDB7B2
422	#E0BDB9
423	#E3C3BF
424	#E6C9C6
425	#E9CFCC
426	#ECD5D2
427	#EFDCD9
428	#F2E2DF
429	#F5E8E6
430	#F8EEED
431	#FAF4F4
432	#FDFBFB
433	#FDFCFE
434	#F7F6FB
435	#F2F0F8
436	#ECEAF5
437	#E7E4F2
438	#E3DFF0
439	#DEDAED
440	#D9D4EB
441	#D6D1E9
442	#D5CFE8
443	#D3CEE7
444	#D2CCE7
445	#D2CCE7
446	#D2CCE7
447	#D2CCE6
448	#D1CBE6
449	#D2CCE6
450	#D6D0E9
451	#D9B0AA
452	#DCB6B1
453	#E0BCB7
454	#E3C2BD
455	#E6C8C4
456	#E9CECA
457	#EBD4D1
458	#EEDAD7
459	#F1E0DE
460	#F4E6E4
461	#F7ECEB
462	#FAF3F2
463	#FDF9F9
464	#FEFEFF
465	#F9F8FC
466	#F4F2F9
467	#EEECF6
468	#EAE7F3
469	#E5E2F1
470	#E1DCEF
471	#DCD7EC
472	#DBD6EB
473	#DBD6EB
474	#DBD6EB
475	#DAD5EB
476	#DAD5EB
477	#DAD5EB
478	#D9D4EB
479	#D9D4EB
480	#DCD7EC
481	#D5A8A2
482	#D8AEA9
483	#DCB4AF
484	#DFBAB5
485	#E2C0BC
486	#E5C6C2
487	#E8CCC8
488	#EBD2CF
489	#EED8D5
490	#F0DEDC
491	#F3E4E2
492	#F6EAE9
493	#F9F1F0
494	#FCF7F6
495	#FEFDFD
496	#FBFAFD
497	#F6F4FA
498	#F1EFF7
499	#ECEAF5
500	#E8E5F3
501	#E5E2F1
502	#E3DFF0
503	#E3DFF0
504	#E3DFF0
505	#E2DEEF
506	#E2DEEF
507	#E2DDEF
508	#E1DDEF
509	#E2DEEF
510	#E3E0F0
511	#D1A09A
512	#D4A6A1
513	#D8ACA7
514	#DBB2AD
515	#DEB8B4
516	#E1BEBA
517	#E4C4C0
518	#E7CAC7
519	#EAD0CD
520	#EDD6D3
521	#EFDCD9
522	#F2E2DF
523	#F5E8E6
524	#F8EEED
525	#FAF4F4
526	#FDFBFA
527	#FDFDFE
528	#F9F8FC
529	#F6F4FA
530	#F2F0F8
531	#EFEDF6
532	#EBE9F4
533	#EBE8F4
534	#EAE7F4
535	#EAE7F4
536	#EAE7F3
537	#E9E6F3
538	#EAE7F3
539	#EBE8F4
540	#ECEAF5
541	#CC9891
542	#D09E98
543	#D3A49F
544	#D7ABA5
545	#DAB1AC
546	#DDB7B2
547	#E0BDB8
548	#E3C2BE
549	#E6C8C4
550	#E8CECA
551	#EBD3D0
552	#EED9D6
553	#F1DFDD
554	#F4E5E3
555	#F6EBEA
556	#F9F1F0
557	#FBF6F5
558	#FDFAFA
559	#FFFFFF
560	#FCFBFD
561	#F8F7FB
562	#F5F3F9
563	#F2F1F8
564	#F2F0F8
565	#F2F0F8
566	#F1EFF8
567	#F1EFF8
568	#F2F1F8
569	#F4F2F9
570	#F5F4FA
571	#C89089
572	#CB9690
573	#CF9C96
574	#D2A39D
575	#D6A9A3
576	#D9AFA9
577	#DCB4AF
578	#DFBAB5
579	#E1C0BB
580	#E4C5C1
581	#E7CBC7
582	#EAD1CD
583	#EDD6D3
584	#EFDBD8
585	#F1E0DE
586	#F4E5E3
587	#F6EAE8
588	#F8EFEE
589	#FAF3F3
590	#FCF8F7
591	#FEFCFC
592	#FEFEFF
593	#FBFAFD
594	#FAF9FC
595	#FAF9FC
596	#F9F8FC
597	#FAF9FC
598	#FBFBFD
599	#FDFCFE
600	#FEFEFE
601	#C38781
602	#C68E87
603	#CA948D
604	#CD9A94
605	#D1A09A
606	#D4A6A0
607	#D7ACA6
608	#DAB2AC
609	#DDB7B2
610	#E0BDB8
611	#E3C3BE
612	#E5C7C3
613	#E7CBC8
614	#EAD0CD
615	#ECD5D1
616	#EED9D7
617	#F0DEDC
618	#F3E3E1
619	#F5E8E6
620	#F7ECEB
621	#F9F0EF
622	#FBF5F4
623	#FCF9F8
624	#FEFCFC
625	#FEFCFC
626	#FEFCFC
627	#FDFAFA
628	#FCF9F8
629	#FCF7F7
630	#FBF6F6
631	#BE7F78
632	#C1857E
633	#C58B84
634	#C8918A
635	#CC9791
636	#CF9D97
637	#D3A39D
638	#D6A9A4
639	#D9AFAA
640	#DBB3AE
641	#DEB8B3
642	#E0BCB8
643	#E2C0BC
644	#E4C5C1
645	#E6C9C5
646	#E9CECB
647	#EBD3D0
648	#EDD8D5
649	#F0DDDA
650	#F2E1DF
651	#F4E5E3
652	#F5E9E8
653	#F7EDEC
654	#F9F2F1
655	#FAF3F2
656	#F9F1F0
657	#F8F0EF
658	#F8EEED
659	#F7EDEC
660	#F7ECEB
661	#B8766F
662	#BC7C75
663	#C0827B
664	#C38881
665	#C78E88
666	#CA958E
667	#CE9B94
668	#D09F99
669	#D3A49E
670	#D5A9A3
671	#D8ADA8
672	#DAB1AC
673	#DCB6B1
674	#DFBAB5
675	#E1BEBA
676	#E3C3BF
677	#E5C8C4
678	#E8CCC9
679	#EAD1CE
680	#ECD6D3
681	#EEDAD7
682	#F0DEDC
683	#F2E2E0
684	#F4E6E4
685	#F5E8E7
686	#F4E7E5
687	#F4E5E3
688	#F3E4E2
689	#F3E3E1
690	#F2E2E0
691	#B36D66
692	#B7746D
693	#BB7A73
694	#BE8079
695	#C2867F
696	#C58B84
697	#C78F89
698	#CA948E
699	#CD9993
700	#CF9E98
701	#D2A29C
702	#D4A6A1
703	#D7ABA5
704	#D9AFAA
705	#DBB3AE
706	#DDB8B3
707	#E0BCB8
708	#E2C1BD
709	#E5C6C2
710	#E7CBC7
711	#E9CFCB
712	#EBD3D0
713	#EDD7D4
714	#EFDBD8
715	#F0DDDA
716	#EFDCDA
717	#EFDBD8
718	#EEDAD7
719	#EED9D6
720	#EDD8D5
721	#AD645D
722	#B16B63
723	#B5716A
724	#B8766F
725	#BB7B74
726	#BE7F78
727	#C1847D
728	#C48982
729	#C68E87
730	#C9928C
731	#CC9791
732	#CE9C96
733	#D1A09A
734	#D3A49E
735	#D5A9A3
736	#D8ADA7
737	#DAB1AC
738	#DCB6B1
739	#DFBBB6
740	#E1BFBB
741	#E4C4C0
742	#E6C8C4
743	#E8CCC8
744	#E9CECB
745	#EAD0CD
746	#EAD2CE
747	#EAD1CD
748	#EAD0CC
749	#E9CFCB
750	#E9CECB
751	#A75A54
752	#AA6059
753	#AD655E
754	#B16A63
755	#B46F68
756	#B7746D
757	#BA7972
758	#BD7E77
759	#C0827B
760	#C28780
761	#C58C85
762	#C8908A
763	#CB958F
764	#CD9A93
765	#D09E98
766	#D2A29C
767	#D4A6A1
768	#D7ABA5
769	#D9AFAA
770	#DCB4AF
771	#DEB9B4
772	#E0BDB8
773	#E2C0BC
774	#E3C2BE
775	#E4C4C0
776	#E5C6C2
777	#E5C7C3
778	#E5C6C2
779	#E4C5C1
780	#E4C4C0
781	#9F4E48
782	#A2534D
783	#A65952
784	#A95E57
785	#AC635C
786	#B06861
787	#B36D66
788	#B6726B
789	#B97770
790	#BC7C75
791	#BF8079
792	#C1857E
793	#C48A83
794	#C78F88
795	#CA938D
796	#CC9791
797	#CE9C95
798	#D1A09A
799	#D3A49E
800	#D6A9A3
801	#D8AEA8
802	#DAB2AD
803	#DBB4AF
804	#DCB6B1
805	#DEB8B3
806	#DFBBB6
807	#E0BDB8
808	#E0BCB7
809	#DFBBB7
810	#DFBAB6
811	#96413C
812	#9A4741
813	#9E4C46
814	#A1524B
815	#A45750
816	#A85C55
817	#AB615A
818	#AE665F
819	#B26B64
820	#B57169
821	#B8756E
822	#BB7A73
823	#BE7F78
824	#C0837C
825	#C38881
826	#C68D86
827	#C8918A
828	#CB958F
829	#CD9993
830	#D09E98
831	#D2A39D
832	#D4A6A0
833	#D5A8A2
834	#D6AAA4
835	#D7ACA7
836	#D9AFAA
837	#DAB2AD
838	#DBB2AD
839	#DAB1AC
840	#DAB1AB
841	#8D3430
842	#913A36
843	#95403B
844	#994540
845	#9C4B45
846	#A05049
847	#A3554E
848	#A75A53
849	#AA5F58
850	#AD645D
851	#B16A62
852	#B46F68
853	#B7746C
854	#BA7871
855	#BC7D76
856	#BF827B
857	#C2867F
858	#C58B84
859	#C78F88
860	#C9938D
861	#CC9791
862	#CD9A93
863	#CE9C95
864	#D09E98
865	#D1A19B
866	#D3A39E
867	#D4A6A0
868	#D5A9A3
869	#D5A8A2
870	#D5A7A1
871	#832424
872	#882C2A
873	#8D3330
874	#903935
875	#943E39
876	#98443E
877	#9B4943
878	#9F4E48
879	#A2534D
880	#A55852
881	#A95D57
882	#AC635C
883	#AF6861
884	#B36D66
885	#B6726B
886	#B8766F
887	#BB7B74
888	#BE8079
889	#C1847D
890	#C38882
891	#C58B84
892	#C68E87
893	#C89089
894	#C9938C
895	#CB958F
896	#CC9892
897	#CE9B94
898	#CF9D97
899	#D09E98
900	#CF9D97
901	#FCF9F9
902	#FCFCFE
903	#F5F3FA
904	#EEEBF6
905	#E7E3F2
906	#E0DCEE
907	#D8D3EA
908	#D0C9E5
909	#C7C0E1
910	#BEB7DC
911	#B6ADD7
912	#AFA5D3
913	#A99FD0
914	#A69CCF
915	#A39ACD
916	#A197CC
917	#9E94CA
918	#9D92C9
919	#9C91C9
920	#9B91C8
921	#9A90C8
922	#9A8FC8
923	#998FC8
924	#998FC7
925	#9D92C9
926	#A197CC
927	#A59BCE
928	#A99FD0
929	#ADA4D2
930	#B1A8D4
931	#FBF6F6
932	#FFFFFF
933	#F7F6FB
934	#F0EEF7
935	#E9E6F3
936	#E1DDEF
937	#D9D4EA
938	#D1CBE6
939	#C8C1E1
940	#C0B8DC
941	#B9B0D9
942	#B2A9D5
943	#ADA3D2
944	#A89ED0
945	#A59BCE
946	#A399CD
947	#A096CB
948	#9D93CA
949	#9C92C9
950	#9C92C9
951	#9C92C9
952	#9C91C9
953	#9B91C9
954	#9B91C9
955	#9C92C9
956	#9F95CB
957	#A39ACD
958	#A89ECF
959	#ACA3D2
960	#B0A7D4
961	#FAF4F3
962	#FEFDFC
963	#F9F9FC
964	#F2F1F8
965	#EBE8F4
966	#E3DFF0
967	#DAD5EB
968	#D1CBE6
969	#C9C2E2
970	#C3BBDE
971	#BCB4DB
972	#B6ADD7
973	#B0A7D4
974	#AAA1D1
975	#A79DCF
976	#A59BCE
977	#A299CD
978	#A096CC
979	#9E94CA
980	#9E94CA
981	#9E94CA
982	#9E93CA
983	#9D93CA
984	#9D93CA
985	#9E94CA
986	#A096CB
987	#A39ACD
988	#A89ED0
989	#ACA3D2
990	#B0A7D4
991	#F9F1F0
992	#FDFAFA
993	#FCFBFD
994	#F4F2F9
995	#ECE9F5
996	#E3DFF0
997	#DAD5EB
998	#D3CDE7
999	#CDC6E4
1000	#C6BFE0
1001	#C0B8DD
1002	#B9B1D9
1003	#B3ABD6
1004	#AEA5D3
1005	#AAA1D1
1006	#A89ED0
1007	#A69CCE
1008	#A49ACD
1009	#A298CD
1010	#A197CC
1011	#A197CC
1012	#A197CC
1013	#A197CC
1014	#A197CC
1015	#A197CC
1016	#A399CD
1017	#A59CCE
1018	#A89ED0
1019	#ACA3D2
1020	#B1A8D4
1021	#F8F0EF
1022	#FCF9F8
1023	#FDFDFE
1024	#F5F3F9
1025	#ECEAF5
1026	#E3E0F0
1027	#DDD8EC
1028	#D7D1E9
1029	#D0CAE6
1030	#CAC3E2
1031	#C4BDDF
1032	#BEB6DC
1033	#B9B0D9
1034	#B4ABD6
1035	#AFA6D3
1036	#ACA3D2
1037	#ABA1D1
1038	#A99FD0
1039	#A79ECF
1040	#A69CCE
1041	#A59BCE
1042	#A59BCE
1043	#A59BCE
1044	#A59BCE
1045	#A59BCE
1046	#A69CCE
1047	#A89FD0
1048	#AAA1D1
1049	#ADA3D2
1050	#B1A8D4
1051	#F8EEED
1052	#FCF7F7
1053	#FDFDFE
1054	#F5F4FA
1055	#EDEAF5
1056	#E7E3F2
1057	#E1DCEF
1058	#DBD6EB
1059	#D5D0E8
1060	#D0CAE5
1061	#CAC4E2
1062	#C5BEDF
1063	#BFB8DC
1064	#BAB2DA
1065	#B6ADD7
1066	#B1A8D5
1067	#B0A7D4
1068	#AEA5D3
1069	#ACA3D2
1070	#AAA1D1
1071	#A99FD0
1072	#A89ED0
1073	#A89ED0
1074	#A89FD0
1075	#A89FD0
1076	#A89FD0
1077	#ABA1D1
1078	#ADA4D3
1079	#B0A6D4
1080	#B2A9D5
1081	#F7EDEC
1082	#FCF7F6
1083	#FEFEFE
1084	#F6F5FA
1085	#F2F0F8
1086	#EDEAF5
1087	#E7E4F2
1088	#E2DEEF
1089	#DCD7EC
1090	#D7D1E9
1091	#D1CBE6
1092	#CCC5E3
1093	#C6BFE0
1094	#C1B9DD
1095	#BCB4DB
1096	#B7AFD8
1097	#B5ACD7
1098	#B3AAD6
1099	#B1A8D5
1100	#AFA6D4
1101	#AEA4D3
1102	#ACA3D2
1103	#ACA2D2
1104	#ACA2D2
1105	#ACA2D2
1106	#ACA2D2
1107	#ADA4D3
1108	#B0A7D4
1109	#B2AAD5
1110	#B5ACD6
1111	#F6EBEA
1112	#FBF5F4
1113	#FEFCFC
1114	#FDFDFE
1115	#F9F8FC
1116	#F3F2F9
1117	#EEEBF6
1118	#E8E5F3
1119	#E3DFF0
1120	#DDD9ED
1121	#D8D3EA
1122	#D2CDE7
1123	#CDC7E4
1124	#C8C1E1
1125	#C3BBDE
1126	#BEB6DC
1127	#BAB1D9
1128	#B8AFD8
1129	#B6ADD7
1130	#B4ACD6
1131	#B3AAD5
1132	#B1A8D4
1133	#AFA6D4
1134	#AFA6D4
1135	#AFA6D4
1136	#AFA6D4
1137	#B0A7D4
1138	#B3AAD5
1139	#B5ACD7
1140	#B8AFD8
1141	#F5E8E6
1142	#F8EEED
1143	#FAF3F2
1144	#FCF8F8
1145	#FFFFFF
1146	#FAFAFC
1147	#F5F3F9
1148	#EFEDF6
1149	#EAE7F3
1150	#E4E1F0
1151	#DFDAEE
1152	#D9D4EB
1153	#D4CEE8
1154	#CEC8E5
1155	#C9C2E2
1156	#C4BDDF
1157	#C0B8DD
1158	#BDB5DB
1159	#BBB3DA
1160	#B9B1D9
1161	#B8AFD8
1162	#B6ADD7
1163	#B4ABD6
1164	#B3AAD5
1165	#B3AAD5
1166	#B3AAD5
1167	#B3AAD6
1168	#B5ACD7
1169	#B8AFD8
1170	#BAB2DA
1171	#F1E0DE
1172	#F4E5E3
1173	#F6EAE9
1174	#F9F0EF
1175	#FBF7F6
1176	#FEFDFD
1177	#FCFBFD
1178	#F6F5FA
1179	#F1EEF7
1180	#EBE8F4
1181	#E6E2F1
1182	#E0DCEE
1183	#DBD6EB
1184	#D5D0E8
1185	#D0CAE5
1186	#CBC4E3
1187	#C6BFE0
1188	#C2BADE
1189	#C0B8DD
1190	#BEB6DC
1191	#BDB4DB
1192	#BBB3DA
1193	#B9B1D9
1194	#B7AFD8
1195	#B6AED7
1196	#B6AED7
1197	#B6AED7
1198	#B8AFD8
1199	#BAB2DA
1200	#BDB5DB
1201	#EDD7D4
1202	#F0DCDA
1203	#F2E2E0
1204	#F5E9E7
1205	#F8EFED
1206	#FBF5F4
1207	#FDFBFB
1208	#FDFDFE
1209	#F7F6FB
1210	#F2F0F8
1211	#ECEAF5
1212	#E7E4F2
1213	#E1DDEF
1214	#DCD7EC
1215	#D6D1E9
1216	#D1CBE6
1217	#CDC6E4
1218	#C8C1E1
1219	#C5BEDF
1220	#C3BCDE
1221	#C1BADE
1222	#C0B8DD
1223	#BEB6DC
1224	#BCB4DB
1225	#BBB2DA
1226	#BAB2D9
1227	#BAB2DA
1228	#BBB2DA
1229	#BEB6DB
1230	#C0B9DD
1231	#E9CECB
1232	#ECD5D1
1233	#EFDBD8
1234	#F2E1DE
1235	#F4E7E5
1236	#F7EDEC
1237	#FAF3F2
1238	#FDF9F9
1239	#FEFEFF
1240	#F9F8FC
1241	#F3F2F9
1242	#EEEBF6
1243	#E8E5F3
1244	#E3DFF0
1245	#DDD9ED
1246	#D8D3EA
1247	#D3CDE7
1248	#CEC8E5
1249	#CAC3E2
1250	#C8C1E1
1251	#C6BFE0
1252	#C5BDDF
1253	#C3BBDE
1254	#C1BADD
1255	#C0B8DD
1256	#BEB7DC
1257	#BEB6DC
1258	#BFB7DC
1259	#C1B9DD
1260	#C4BCDF
1261	#E5C6C2
1262	#E8CDC9
1263	#EBD3D0
1264	#EED9D6
1265	#F1DFDD
1266	#F4E5E3
1267	#F6EBEA
1268	#F9F1F0
1269	#FCF8F7
1270	#FFFEFE
1271	#FAF9FC
1272	#F5F3F9
1273	#EFEDF6
1274	#EAE7F3
1275	#E4E0F0
1276	#DFDAED
1277	#DAD5EB
1278	#D5CFE8
1279	#D0CAE6
1280	#CDC7E4
1281	#CBC5E3
1282	#CAC3E2
1283	#C8C1E1
1284	#C7C0E0
1285	#C5BEE0
1286	#C4BDDF
1287	#C2BBDE
1288	#C3BBDE
1289	#C5BEE0
1290	#C9C2E2
1291	#E1BFBA
1292	#E4C5C1
1293	#E7CBC7
1294	#EAD1CE
1295	#EDD7D4
1296	#F0DDDB
1297	#F3E3E1
1298	#F6E9E8
1299	#F8F0EE
1300	#FBF6F5
1301	#FEFDFD
1302	#FBFBFD
1303	#F6F5FA
1304	#F0EEF7
1305	#EBE8F4
1306	#E5E2F1
1307	#E0DCEE
1308	#DCD7EC
1309	#D7D2E9
1310	#D2CCE7
1311	#D1CBE6
1312	#CFC9E5
1313	#CEC8E4
1314	#CCC6E4
1315	#CBC4E3
1316	#CAC3E2
1317	#CAC3E2
1318	#CAC3E2
1319	#CBC4E3
1320	#CFC9E5
1321	#DDB7B2
1322	#E0BDB9
1323	#E3C3BF
1324	#E6C9C6
1325	#E9CFCC
1326	#ECD5D2
1327	#EFDCD9
1328	#F2E2DF
1329	#F5E8E6
1330	#F8EEED
1331	#FAF4F4
1332	#FDFBFB
1333	#FDFCFE
1334	#F7F6FB
1335	#F2F0F8
1336	#ECEAF5
1337	#E7E4F2
1338	#E3DFF0
1339	#DEDAED
1340	#D9D4EB
1341	#D6D1E9
1342	#D5CFE8
1343	#D3CEE7
1344	#D2CCE7
1345	#D2CCE7
1346	#D2CCE7
1347	#D2CCE6
1348	#D1CBE6
1349	#D2CCE6
1350	#D6D0E9
1351	#D9B0AA
1352	#DCB6B1
1353	#E0BCB7
1354	#E3C2BD
1355	#E6C8C4
1356	#E9CECA
1357	#EBD4D1
1358	#EEDAD7
1359	#F1E0DE
1360	#F4E6E4
1361	#F7ECEB
1362	#FAF3F2
1363	#FDF9F9
1364	#FEFEFF
1365	#F9F8FC
1366	#F4F2F9
1367	#EEECF6
1368	#EAE7F3
1369	#E5E2F1
1370	#E1DCEF
1371	#DCD7EC
1372	#DBD6EB
1373	#DBD6EB
1374	#DBD6EB
1375	#DAD5EB
1376	#DAD5EB
1377	#DAD5EB
1378	#D9D4EB
1379	#D9D4EB
1380	#DCD7EC
1381	#D5A8A2
1382	#D8AEA9
1383	#DCB4AF
1384	#DFBAB5
1385	#E2C0BC
1386	#E5C6C2
1387	#E8CCC8
1388	#EBD2CF
1389	#EED8D5
1390	#F0DEDC
1391	#F3E4E2
1392	#F6EAE9
1393	#F9F1F0
1394	#FCF7F6
1395	#FEFDFD
1396	#FBFAFD
1397	#F6F4FA
1398	#F1EFF7
1399	#ECEAF5
1400	#E8E5F3
1401	#E5E2F1
1402	#E3DFF0
1403	#E3DFF0
1404	#E3DFF0
1405	#E2DEEF
1406	#E2DEEF
1407	#E2DDEF
1408	#E1DDEF
1409	#E2DEEF
1410	#E3E0F0
1411	#D1A09A
1412	#D4A6A1
1413	#D8ACA7
1414	#DBB2AD
1415	#DEB8B4
1416	#E1BEBA
1417	#E4C4C0
1418	#E7CAC7
1419	#EAD0CD
1420	#EDD6D3
1421	#EFDCD9
1422	#F2E2DF
1423	#F5E8E6
1424	#F8EEED
1425	#FAF4F4
1426	#FDFBFA
1427	#FDFDFE
1428	#F9F8FC
1429	#F6F4FA
1430	#F2F0F8
1431	#EFEDF6
1432	#EBE9F4
1433	#EBE8F4
1434	#EAE7F4
1435	#EAE7F4
1436	#EAE7F3
1437	#E9E6F3
1438	#EAE7F3
1439	#EBE8F4
1440	#ECEAF5
1441	#CC9891
1442	#D09E98
1443	#D3A49F
1444	#D7ABA5
1445	#DAB1AC
1446	#DDB7B2
1447	#E0BDB8
1448	#E3C2BE
1449	#E6C8C4
1450	#E8CECA
1451	#EBD3D0
1452	#EED9D6
1453	#F1DFDD
1454	#F4E5E3
1455	#F6EBEA
1456	#F9F1F0
1457	#FBF6F5
1458	#FDFAFA
1459	#FFFFFF
1460	#FCFBFD
1461	#F8F7FB
1462	#F5F3F9
1463	#F2F1F8
1464	#F2F0F8
1465	#F2F0F8
1466	#F1EFF8
1467	#F1EFF8
1468	#F2F1F8
1469	#F4F2F9
1470	#F5F4FA
1471	#C89089
1472	#CB9690
1473	#CF9C96
1474	#D2A39D
1475	#D6A9A3
1476	#D9AFA9
1477	#DCB4AF
1478	#DFBAB5
1479	#E1C0BB
1480	#E4C5C1
1481	#E7CBC7
1482	#EAD1CD
1483	#EDD6D3
1484	#EFDBD8
1485	#F1E0DE
1486	#F4E5E3
1487	#F6EAE8
1488	#F8EFEE
1489	#FAF3F3
1490	#FCF8F7
1491	#FEFCFC
1492	#FEFEFF
1493	#FBFAFD
1494	#FAF9FC
1495	#FAF9FC
1496	#F9F8FC
1497	#FAF9FC
1498	#FBFBFD
1499	#FDFCFE
1500	#FEFEFE
1501	#C38781
1502	#C68E87
1503	#CA948D
1504	#CD9A94
1505	#D1A09A
1506	#D4A6A0
1507	#D7ACA6
1508	#DAB2AC
1509	#DDB7B2
1510	#E0BDB8
1511	#E3C3BE
1512	#E5C7C3
1513	#E7CBC8
1514	#EAD0CD
1515	#ECD5D1
1516	#EED9D7
1517	#F0DEDC
1518	#F3E3E1
1519	#F5E8E6
1520	#F7ECEB
1521	#F9F0EF
1522	#FBF5F4
1523	#FCF9F8
1524	#FEFCFC
1525	#FEFCFC
1526	#FEFCFC
1527	#FDFAFA
1528	#FCF9F8
1529	#FCF7F7
1530	#FBF6F6
1531	#BE7F78
1532	#C1857E
1533	#C58B84
1534	#C8918A
1535	#CC9791
1536	#CF9D97
1537	#D3A39D
1538	#D6A9A4
1539	#D9AFAA
1540	#DBB3AE
1541	#DEB8B3
1542	#E0BCB8
1543	#E2C0BC
1544	#E4C5C1
1545	#E6C9C5
1546	#E9CECB
1547	#EBD3D0
1548	#EDD8D5
1549	#F0DDDA
1550	#F2E1DF
1551	#F4E5E3
1552	#F5E9E8
1553	#F7EDEC
1554	#F9F2F1
1555	#FAF3F2
1556	#F9F1F0
1557	#F8F0EF
1558	#F8EEED
1559	#F7EDEC
1560	#F7ECEB
1561	#B8766F
1562	#BC7C75
1563	#C0827B
1564	#C38881
1565	#C78E88
1566	#CA958E
1567	#CE9B94
1568	#D09F99
1569	#D3A49E
1570	#D5A9A3
1571	#D8ADA8
1572	#DAB1AC
1573	#DCB6B1
1574	#DFBAB5
1575	#E1BEBA
1576	#E3C3BF
1577	#E5C8C4
1578	#E8CCC9
1579	#EAD1CE
1580	#ECD6D3
1581	#EEDAD7
1582	#F0DEDC
1583	#F2E2E0
1584	#F4E6E4
1585	#F5E8E7
1586	#F4E7E5
1587	#F4E5E3
1588	#F3E4E2
1589	#F3E3E1
1590	#F2E2E0
1591	#B36D66
1592	#B7746D
1593	#BB7A73
1594	#BE8079
1595	#C2867F
1596	#C58B84
1597	#C78F89
1598	#CA948E
1599	#CD9993
1600	#CF9E98
1601	#D2A29C
1602	#D4A6A1
1603	#D7ABA5
1604	#D9AFAA
1605	#DBB3AE
1606	#DDB8B3
1607	#E0BCB8
1608	#E2C1BD
1609	#E5C6C2
1610	#E7CBC7
1611	#E9CFCB
1612	#EBD3D0
1613	#EDD7D4
1614	#EFDBD8
1615	#F0DDDA
1616	#EFDCDA
1617	#EFDBD8
1618	#EEDAD7
1619	#EED9D6
1620	#EDD8D5
1621	#AD645D
1622	#B16B63
1623	#B5716A
1624	#B8766F
1625	#BB7B74
1626	#BE7F78
1627	#C1847D
1628	#C48982
1629	#C68E87
1630	#C9928C
1631	#CC9791
1632	#CE9C96
1633	#D1A09A
1634	#D3A49E
1635	#D5A9A3
1636	#D8ADA7
1637	#DAB1AC
1638	#DCB6B1
1639	#DFBBB6
1640	#E1BFBB
1641	#E4C4C0
1642	#E6C8C4
1643	#E8CCC8
1644	#E9CECB
1645	#EAD0CD
1646	#EAD2CE
1647	#EAD1CD
1648	#EAD0CC
1649	#E9CFCB
1650	#E9CECB
1651	#A75A54
1652	#AA6059
1653	#AD655E
1654	#B16A63
1655	#B46F68
1656	#B7746D
1657	#BA7972
1658	#BD7E77
1659	#C0827B
1660	#C28780
1661	#C58C85
1662	#C8908A
1663	#CB958F
1664	#CD9A93
1665	#D09E98
1666	#D2A29C
1667	#D4A6A1
1668	#D7ABA5
1669	#D9AFAA
1670	#DCB4AF
1671	#DEB9B4
1672	#E0BDB8
1673	#E2C0BC
1674	#E3C2BE
1675	#E4C4C0
1676	#E5C6C2
1677	#E5C7C3
1678	#E5C6C2
1679	#E4C5C1
1680	#E4C4C0
1681	#9F4E48
1682	#A2534D
1683	#A65952
1684	#A95E57
1685	#AC635C
1686	#B06861
1687	#B36D66
1688	#B6726B
1689	#B97770
1690	#BC7C75
1691	#BF8079
1692	#C1857E
1693	#C48A83
1694	#C78F88
1695	#CA938D
1696	#CC9791
1697	#CE9C95
1698	#D1A09A
1699	#D3A49E
1700	#D6A9A3
1701	#D8AEA8
1702	#DAB2AD
1703	#DBB4AF
1704	#DCB6B1
1705	#DEB8B3
1706	#DFBBB6
1707	#E0BDB8
1708	#E0BCB7
1709	#DFBBB7
1710	#DFBAB6
1711	#96413C
1712	#9A4741
1713	#9E4C46
1714	#A1524B
1715	#A45750
1716	#A85C55
1717	#AB615A
1718	#AE665F
1719	#B26B64
1720	#B57169
1721	#B8756E
1722	#BB7A73
1723	#BE7F78
1724	#C0837C
1725	#C38881
1726	#C68D86
1727	#C8918A
1728	#CB958F
1729	#CD9993
1730	#D09E98
1731	#D2A39D
1732	#D4A6A0
1733	#D5A8A2
1734	#D6AAA4
1735	#D7ACA7
1736	#D9AFAA
1737	#DAB2AD
1738	#DBB2AD
1739	#DAB1AC
1740	#DAB1AB
1741	#8D3430
1742	#913A36
1743	#95403B
1744	#994540
1745	#9C4B45
1746	#A05049
1747	#A3554E
1748	#A75A53
1749	#AA5F58
1750	#AD645D
1751	#B16A62
1752	#B46F68
1753	#B7746C
1754	#BA7871
1755	#BC7D76
1756	#BF827B
1757	#C2867F
1758	#C58B84
1759	#C78F88
1760	#C9938D
1761	#CC9791
1762	#CD9A93
1763	#CE9C95
1764	#D09E98
1765	#D1A19B
1766	#D3A39E
1767	#D4A6A0
1768	#D5A9A3
1769	#D5A8A2
1770	#D5A7A1
1771	#832424
1772	#882C2A
1773	#8D3330
1774	#903935
1775	#943E39
1776	#98443E
1777	#9B4943
1778	#9F4E48
1779	#A2534D
1780	#A55852
1781	#A95D57
1782	#AC635C
1783	#AF6861
1784	#B36D66
1785	#B6726B
1786	#B8766F
1787	#BB7B74
1788	#BE8079
1789	#C1847D
1790	#C38882
1791	#C58B84
1792	#C68E87
1793	#C89089
1794	#C9938C
1795	#CB958F
1796	#CC9892
1797	#CE9B94
1798	#CF9D97
1799	#D09E98
1800	#CF9D97
